CURIE,Label,Type,Definition,Parent,Disjoint classes,Inverse property,Domain,Range,isPerformedAt,isPerformedOn,hasLocation,isResultOf,hasResult,hasSample,isSampleOf,ProcessInvolved,conductsExperimentsIn,hasSampleType,hasSampleID,isCollectedFrom,isMeasuredIn,isControlledByDevice,isMeasuredByDevice,makesMeasurement,hasMeasurement,isMeasurementOf,relatesToMeasurement,relatesToProperty,measuresProperty,detectProperty,isPropertyOf,hasProperty,hasSensorType,base_name,base_value,has_value,has_version,name,update_time
ID,AL rdfs:label@en,TYPE,AL rdfs:definitions@en,SC %,DC %,IP %,DOMAIN,RANGE,SC isPerformedAt only %,SC isPerformedOn only %,SC hasLocation only %,SC isResultOf only %,SC hasResult only %,SC hasSample only %,SC isSampleOf only %,SC ProcessInvolved only %,SC conductsExperimentsIn some % SPLIT=|,SC hasSampleType only %,SC hasSampleId exactly %,SC isCollectedFrom some % SPLIT=|,SC isMeasuredIn exactly % UnitOfMeasure,SC isControlledByDevice only %,SC isMeasuredByDevice only %,SC makesMeasurement only %,SC hasMeasurement only %,SC isMeasurementOf only %,SC relatesToMeasurement only %,SC relatesToProperty exactly % Property,SC measuresProperty only % SPLIT=|,SC detectProperty some % SPLIT=|,SC isPropertyOf only %,SC hasProperty only %,SC hasSensorType only %,SC base_name only %,SC base_value only %,SC has_value exactly % xsd:float,SC has_version only %,SC name only %,SC update_time only %
http://www.eionet.europa.eu/gemet/concept/11524,Domain,class,"Generally, land and water owned by individuals or corporations as opposed to the state; in French civil law, any government property capable of being owned by non-public entities, which cannot be seized and which is restricted to the stipulated ownership and use.",,,,,,,,Location,,,,,,,,,,,,,,,,,,,,,,,,,,,,
http://purl.obolibrary.org/obo/NCBITaxon_9913,Cattle,class,,Domain,,,,,,,,,,,,,,,,,,,,,,,,,,,,,,,,,,,
http://purl.obolibrary.org/obo/ENVO_00000078,Farm,class,,Domain,,,,,,,,,,,,,,,,,,,,,,,,,,,,,,,,,,,
http://purl.obolibrary.org/obo/ENVO_00000294,Fishery,class,,Domain,,,,,,,,,,,,,,,,,,,,,,,,,,,,,,,,,,,
http://purl.obolibrary.org/obo/FOODON_00004298,Poultry,class,,Domain,,,,,,,,,,,,,,,,,,,,,,,,,,,,,,,,,,,
http://purl.obolibrary.org/obo/ENVO_00002221,Retailer,class,,Domain,,,,,,,,,,,,,,,,,,,,,,,,,,,,,,,,,,,
http://purl.obolibrary.org/obo/NCIT_C48289,Distributor,class,,Domain,,,,,,,,,,,,,,,,,,,,,,,,,,,,,,,,,,,
http://purl.obolibrary.org/obo/ENVO_01000925,SlaughterHouse,class,,Domain,,,,,,,,,,,,,,,,,,,,,,,,,,,,,,,,,,,
http://purl.obolibrary.org/obo/NCIT_C92651,Processor,class,,Domain,,,,,,,,,,,,,,,,,,,,,,,,,,,,,,,,,,,
http://purl.obolibrary.org/obo/OBI_0000245,Organisation,class,,,,,,,,,,,,,,,,,,,,,,,,,,,,,,,,,,,,,
https://purl.archive.org/purl/fsmon/Ontology#e-nose,e-nose,class,"An electronic nose is an electronic sensing device intended to detect odors or flavors. The expression ""electronic sensing"" refers to the capability of reproducing human senses using sensor arrays and pattern recognition systems.",Sensor,,,,,,,,,,,,,,,,,,,,,,,,,,,,,,,,,,,
https://purl.archive.org/purl/fsmon/Ontology#FTIR,FTIR,class,"An FTIR sensor is a device that uses Fourier-transform infrared spectroscopy (FTIR) technology to detect and analyze the infrared absorption spectra of various substances. Fourier Transform Infrared (FTIR) analysis is a spectroscopic technique that makes use of the naturally occurring electromagnetic spectrum defined by the wavelengths between 2,500nm and 25,000nm.",Sensor,,,,,,,,,,,,,,,,,,,,,,,,,,,,,,,,,,,
https://purl.archive.org/purl/fsmon/Ontology#Freshdetect,FreshDetect,class,FreshDetect is a German company engaged in the manufacturing and supply of handheld sensors for analyzing microbiological quality to determine the freshness of meat and other food products in real time.,Sensor,,,,,,,,,,,,,,,,,,,,,,,,,,,,,,,,,,,
https://purl.archive.org/purl/fsmon/Ontology#tHPLC,HPLC,class,An HPLC sensor is a device that is used in conjunction with a high-performance liquid chromatography (HPLC) system to detect and measure the concentration of various chemical compounds in a sample.,Sensor,,,,,,,,,,,,,,,,,,,,,,,,,,,,,,,,,,,
https://purl.archive.org/purl/fsmon/Ontology#MSI,MSI,class,Multispectral imaging (MSI) is the system that involves capturing images of a scene or object over multiple discrete wavelength bands and extracting spectral content from that data.,Sensor,,,,,,,,,,,,,,,,,,,,,,,,,,,,,,,,,,,
https://purl.archive.org/purl/fsmon/Ontology#NIR,NIR,class,"Near Infrared, or NIR, spectroscopy is an analysis technique for fast, accurate food testing. NIR measurement is a widely-used method in the food and drink and agricultural industries, and it is a convenient, low cost alternative to chemical analysis.",Sensor,,,,,,,,,,,,,,,,,,,,,,,,,,,,,,,,,,,
https://purl.archive.org/purl/fsmon/Ontology#GCMS,GCMS,class,"Combination of Gas Chromatography and Mass Spectrometry. A mass spectrometer is typically utilized in one of two ways: full scan or selective ion monitoring (SIM). The typical GC-MS instrument is capable of performing both functions either individually or concomitantly, depending on the setup of the particular instrument (Sounds like a parameter to supply). The columns represent for certain substances. As such, they are mappable to concepts (as opposed to the spectra where column headers are potentially infinite).",Sensor,,,,,,,,,,,,,,,,,,,,,,,,,,,,,,,,,,,
https://purl.archive.org/purl/fsmon/Ontology#FTIR-6200,FTIR-6200,class,"The FT/IR-6200 is a Fourier Transform Infrared Spectrometer manufactured by the company JASCO. It is a high-performance research-grade spectrometer that is used for the analysis of various samples in chemistry, materials science, and biology.",Device,,,,,,,,,,,,ImagingSpectroscopy,,,,,,,,,,,,,Wavelength,,,,FTIR,rdfs:Literal,,,rdfs:Literal,rdfs:Literal,
https://purl.archive.org/purl/fsmon/Ontology#Fox3000,Fox3000,class,The FOX3000 e-nose device is an electronic nose system developed by Alpha MOS. The Fox 3000 provides either 12 sensors of same technology or 12 sensors of different type.,Device,,,,,,,,,,,,Chemical,,,,,,,,,,,,,,,,,e-nose,rdfs:Literal,,,rdfs:Literal,rdfs:Literal,
https://purl.archive.org/purl/fsmon/Ontology#FreshDetectBFD-100,FreshDetectBFD-100,class,"BFD-100 is a handheld sensor of FreshDetect company. It is capable of determining bacterial contamination in pork in real time using a non-invasive, fluorescence spectroscopy measurement technique. This handheld device can be used to determine the total viable count in fresh meat in 3â€“5 seconds with laboratory quality reliability and accuracy.",Device,,,,,,,,,,,,ImagingSpectroscopy,,,,,,,,,,,,,Wavelength,,,,FreshDetect,rdfs:Literal,,,rdfs:Literal,rdfs:Literal,
https://purl.archive.org/purl/fsmon/Ontology#JASCOLC-NET,JASCOLC-NET,class,JASCO LC-NET is a high-performance liquid chromatography (HPLC) system developed by JASCO Corporation,Device,,,,,,,,,,,,Chromatography,,,,,,,,,,,,,Unknown| Succinic| Isobutyric| Glucose| Propionic| Citric| Butyric| Pyruvic| Lactic,,,,HPLC,rdfs:Literal,,,rdfs:Literal,rdfs:Literal,
https://purl.archive.org/purl/fsmon/Ontology#NIRvascan,NIRvascan,class,The NIRvascan is the world's first affordable and portable smart near infrared spectrometer with an integrated tungsten halogen light source built in.,Device,,,,,,,,,,,,ImagingSpectroscopy,,,,,,,,,,,,,Wavelength,,,,NIR,rdfs:Literal,,,rdfs:Literal,rdfs:Literal,
https://purl.archive.org/purl/fsmon/Ontology#Videometer,VideometerLab,class,"A spectral imaging instrument designed for the fast and accurate determination of colour, texture, and chemical composition",Device,,,,,,,,,,,,ImagingSpectroscopy,,,,,,,,,,,,,Mean| StandardDeviation,,,,MSI,rdfs:Literal,,,rdfs:Literal,rdfs:Literal,
https://purl.archive.org/purl/fsmon/Ontology#LY2/G,LY2/G,class,"LY2-G is LY type e-nose sensor which has types of substances including Ammonia, amine compounds,  carbon and oxygen gompounds",e-nose,,,,,,,,,,,,,,,,,,,,,,,,,,Ammonia| carbon monoxide,,,,,,,,,
https://purl.archive.org/purl/fsmon/Ontology#LY2/GH,LY2/GH,class,"LY2-GH is LY type e-nose sensor which has types of substances including Chlorine, fluorine, nitrous compounds, sulfides",e-nose,,,,,,,,,,,,,,,,,,,,,,,,,,Ammonia,,,,,,,,,
https://purl.archive.org/purl/fsmon/Ontology#PA/2,PA/2,class,"PA-2 is P type e-nose sensor which has types of substances including Ethanol, ammonia, amine compounds",e-nose,,,,,,,,,,,,,,,,,,,,,,,,,,Ammonia,,,,,,,,,
https://purl.archive.org/purl/fsmon/Ontology#LY2/LG,LY2/LG,class,"LY2-LG is LY type e-nose sensor which has types of substances including Chlorine, fluorine, nitrous compounds, sulfides",e-nose,,,,,,,,,,,,,,,,,,,,,,,,,,oxidising agent,,,,,,,,,
https://purl.archive.org/purl/fsmon/Ontology#T30/1,T30/1,class,"T30/1 is T type e-nose sensor which has types of substances including Hydrocarbons, ammonia, ethanol",e-nose,,,,,,,,,,,,,,,,,,,,,,,,,,hydrogen chloride,,,,,,,,,
https://purl.archive.org/purl/fsmon/Ontology#LY2/gCTL,LY2/gCTL,class,LY2-gCTL is LY type e-nose sensor which has types of substances including hydrogen sulfide,e-nose,,,,,,,,,,,,,,,,,,,,,,,,,,Hydrogen_Sulphide,,,,,,,,,
https://purl.archive.org/purl/fsmon/Ontology#P10/2,P10/2,class,"P10-2 is P type e-nose sensor which has types of substances including Nonpolar, Methane, ethane",e-nose,,,,,,,,,,,,,,,,,,,,,,,,,,Methane,,,,,,,,,
https://purl.archive.org/purl/fsmon/Ontology#LY2/AA,LY2/AA,class,"LY2-AA is LY type e-nose sensor which has types of substances including Ethanol, acetone, ammonia",e-nose,,,,,,,,,,,,,,,,,,,,,,,,,,Ethanol,,,,,,,,,
https://purl.archive.org/purl/fsmon/Ontology#P10/1,P10/1,class,"P10-1 is P type e-nose sensor which has types of substances including Nonpolar, hydrocarbon, ammonia, chlorine",e-nose,,,,,,,,,,,,,,,,,,,,,,,,,,hydrocarbon,,,,,,,,,
https://purl.archive.org/purl/fsmon/Ontology#P40/1,P40/1,class,"P40-1 is P type e-nose sensor which has types of substances including Chlorine, fluorine",e-nose,,,,,,,,,,,,,,,,,,,,,,,,,,fluorine,,,,,,,,,
https://purl.archive.org/purl/fsmon/Ontology#T70/2,T70/2,class,"T70-2 is T type e-nose sensor which has types of substances including Toluene, xylene, carbon monoxide",e-nose,,,,,,,,,,,,,,,,,,,,,,,,,,aromatic compound,,,,,,,,,
https://purl.archive.org/purl/fsmon/Ontology#LY2/gCT,LY2/gCT,class,"LY2-gCT is LY type e-nose sensor which has types of substances including Propane, Butane",e-nose,,,,,,,,,,,,,,,,,,,,,,,,,,propane| butane,,,,,,,,,
https://purl.archive.org/purl/fsmon/Ontology#LY2/LG,LY2/LG,class,,e-nose,,,,,,,,,,,,,,,,,,,,,,,,,,,,,,,,,,,
https://purl.archive.org/purl/fsmon/Ontology#P10/2,P10/2,class,,e-nose,,,,,,,,,,,,,,,,,,,,,,,,,,,,,,,,,,,
https://purl.archive.org/purl/fsmon/Ontology#P30/1,P30/1,class,,e-nose,,,,,,,,,,,,,,,,,,,,,,,,,,,,,,,,,,,
https://purl.archive.org/purl/fsmon/Ontology#P40/2,P40/2,class,,e-nose,,,,,,,,,,,,,,,,,,,,,,,,,,,,,,,,,,,
https://purl.archive.org/purl/fsmon/Ontology#P30/2,P30/2,class,,e-nose,,,,,,,,,,,,,,,,,,,,,,,,,,,,,,,,,,,
https://purl.archive.org/purl/fsmon/Ontology#T40/2,T40/2,class,,e-nose,,,,,,,,,,,,,,,,,,,,,,,,,,,,,,,,,,,
http://purl.obolibrary.org/obo/CHEBI_30769,Citric,class,,Property,,,,,,,,,,,,,,,,,,,,,,,,,,,,,,,,,,,
http://purl.obolibrary.org/obo/CHEBI_17234,Glucose,class,,Property,,,,,,,,,,,,,,,,,,,,,,,,,,,,,,,,,,,
http://purl.obolibrary.org/obo/CHEBI_30772,Butyric,class,,Property,,,,,,,,,,,,,,,,,,,,,,,,,,,,,,,,,,,
http://purl.obolibrary.org/obo/CHEBI_32816,Pyruvic,class,,Property,,,,,,,,,,,,,,,,,,,,,,,,,,,,,,,,,,,
http://purl.obolibrary.org/obo/CHEBI_422,Lactic,class,,Property,,,,,,,,,,,,,,,,,,,,,,,,,,,,,,,,,,,
http://purl.obolibrary.org/obo/CHEBI_15741,Succinic,class,,Property,,,,,,,,,,,,,,,,,,,,,,,,,,,,,,,,,,,
http://purl.obolibrary.org/obo/CHEBI_16135,Isobutyric,class,,Property,,,,,,,,,,,,,,,,,,,,,,,,,,,,,,,,,,,
http://purl.obolibrary.org/obo/CHEBI_30768,Propionic,class,,Property,,,,,,,,,,,,,,,,,,,,,,,,,,,,,,,,,,,
https://purl.archive.org/purl/fsmon/Ontology#Unknown,Unknown,class,,Property,,,,,,,,,,,,,,,,,,,,,,,,,,,,,,,,,,,
http://purl.obolibrary.org/obo/CHEBI_16134,Ammonia,class,,Property,,,,,,,,,,,,,,,,,,,,,,,,,,,,,,,,,,,
http://purl.obolibrary.org/obo/CHEBI_17883,hydrogen chloride,class,,Property,,,,,,,,,,,,,,,,,,,,,,,,,,,,,,,,,,,
http://purl.obolibrary.org/obo/CHEBI_16136,Hydrogen_Sulphide,class,,Property,,,,,,,,,,,,,,,,,,,,,,,,,,,,,,,,,,,
http://purl.obolibrary.org/obo/CHEBI_16183,Methane,class,,Property,,,,,,,,,,,,,,,,,,,,,,,,,,,,,,,,,,,
http://purl.obolibrary.org/obo/CHEBI_16236,Ethanol,class,,Property,,,,,,,,,,,,,,,,,,,,,,,,,,,,,,,,,,,
http://purl.obolibrary.org/obo/CHEBI_17245,carbon monoxide,class,,Property,,,,,,,,,,,,,,,,,,,,,,,,,,,,,,,,,,,
http://purl.obolibrary.org/obo/CHEBI_24632,hydrocarbon,class,,Property,,,,,,,,,,,,,,,,,,,,,,,,,,,,,,,,,,,
http://purl.obolibrary.org/obo/CHEBI_30239,fluorine,class,,Property,,,,,,,,,,,,,,,,,,,,,,,,,,,,,,,,,,,
http://purl.obolibrary.org/obo/CHEBI_32879,propane,class,,Property,,,,,,,,,,,,,,,,,,,,,,,,,,,,,,,,,,,
http://purl.obolibrary.org/obo/CHEBI_33655,aromatic compound,class,,Property,,,,,,,,,,,,,,,,,,,,,,,,,,,,,,,,,,,
http://purl.obolibrary.org/obo/CHEBI_37808,butane,class,,Property,,,,,,,,,,,,,,,,,,,,,,,,,,,,,,,,,,,
http://purl.obolibrary.org/obo/CHEBI_63248,oxidising agent,class,,Property,,,,,,,,,,,,,,,,,,,,,,,,,,,,,,,,,,,
http://semanticscience.org/resource/SIO_000770,StandardDeviation,class,,Property,,,,,,,,,,,,,,,,,,,,,,,,,,,,,,,,,,,
http://semanticscience.org/resource/SIO_001109,Mean,class,,Property,,,,,,,,,,,,,,,,,,,,,,,,,,,,,,,,,,,
http://www.ontology-of-units-of-measure.org/resource/om-2/ViableCount,TVC,class,,Property,,,,,,,,,,,,,,,,,,,,,,,,,,,,,,,,,,,
http://www.ontology-of-units-of-measure.org/resource/om-2/Wavelength,Wavelength,class,,Property,,,,,,,,,,,,,,,,,,,,,,,,,,,,,,,,,,,
http://purl.obolibrary.org/obo/CHMO_0000937,Reflectance,class,,Measurement,,,,,,,,,,,,,,,,,,,,,,,,,,,,,,,,,,,
http://purl.obolibrary.org/obo/CHMO_0000801,Absorbance,class,,Measurement,,,,,,,,,,,,,,,,,,,,,,,,,,,,,,,,,,,
http://purl.obolibrary.org/obo/ENVO_01001406,Laboratory,class,,,,,,,,,Location,,,,,,Cattle| Distributor| Farm| Fishery| Poultry| Retailer| SlaughterHouse| Processor,,,,,,,,,,,,,,,,,,,,,,
http://purl.obolibrary.org/obo/BFO_0000015,Process,class,,,,,,,,,,,,,,,,,,,,,,,,,,,,,,,,,,,,,
http://purl.obolibrary.org/obo/OBI_0000185,ImagingSpectroscopy,class,,Process,,,,,,,,,,,,,,,,,,,,,,,,,,,,,,,,,,,
http://purl.obolibrary.org/obo/CHMO_0001000,Chromatography,class,,Process,,,,,,,,,,,,,,,,,,,,,,,,,,,,,,,,,,,
http://purl.obolibrary.org/obo/NCIT_C48807,Chemical,class,,Process,,,,,,,,,,,,,,,,,,,,,,,,,,,,,,,,,,,
http://purl.obolibrary.org/obo/NCIT_C25341,Location,class,,,,,,,,,,,,,,,,,,,,,,,,,,,,,,,,,,,,,
http://purl.obolibrary.org/obo/NCIT_C25407,Address,class,,,,,,,,,,,,,,,,,,,,,,,,,,,,,,,,,,,,,
http://purl.obolibrary.org/obo/NCIT_C42775,E-mail Address,class,,,,,,,,,,,,,,,,,,,,,,,,,,,,,,,,,,,,,
https://purl.archive.org/purl/fsmon/Ontology#hasLocation,hasLocation,object property,"The location of, for example, where an event is happening, where an organization is located, or where an action takes place.",,,,,Location,,,,,,,,,,,,,,,,,,,,,,,,,,,,,,,
https://purl.archive.org/purl/fsmon/Ontology#hasLatitude,hasLatitude,data property,The latitude of a location. For example 37.42242 (WGS 84).,,,,Location,rdfs:Literal,,,,,,,,,,,,,,,,,,,,,,,,,,,,,,,
https://purl.archive.org/purl/fsmon/Ontology#hasLongitude,hasLongitude,data property,The longitude of a location. For example -122.08585 (WGS 84).,,,,Location,rdfs:Literal,,,,,,,,,,,,,,,,,,,,,,,,,,,,,,,
https://purl.archive.org/purl/fsmon/Ontology#hasAddress,hasAddress,object property,"The address of an geographical entity, for example, address of an organization",,,,,Address,,,,,,,,,,,,,,,,,,,,,,,,,,,,,,,
http://semanticscience.org/resource/SIO_000089,Dataset,class,,,,,,,,,,,,Sample,,,,,,,,,,,,,,,,,,,,,,,,,
http://www.w3.org/ns/sosa/FeatureOfInterest,FeatureOfInterest,class,,,,,,,,,,,,,,,,,,,,,,,Measurement,,,,,,,Property,,,,,,,
http://www.w3.org/ns/sosa/Sample,Sample,class,,FeatureOfInterest,Dataset,,,,,,Location,,,,Dataset,,,Sampletype,1,Cattle| Distributor| Farm| Fishery| Poultry| Retailer| SlaughterHouse| Processor,,,,,,,,,,,,,,,,,,,
http://purl.obolibrary.org/obo/NCIT_C42778,Uniform Resource Identifier,class,,,,,,,,,,,,,,,,,,,,,,,,,,,,,,,,,,,,,
http://purl.obolibrary.org/obo/FOODON_03400361,Sampletype,class,,,,,,,,,,,,,,,,,,,,,,,,,,,,,,,,,,,,,
https://saref.etsi.org/core/Measurement,Measurement,class,Represents the measured value made over a property. It is also linked to the unit of measure in which the value is expressed and the timestamp of the measurement.,,,,,,,,,,,,,,,,,,1,,,,,FeatureOfInterest,,1,,,,,,,,1,,,xsd:dateTime
http://www.w3.org/ns/sosa/Result,Result,class,,,,,,,,,,Experiment,,,,,,,,,,,,,,,,,,,,,,,,,,,
http://purl.obolibrary.org/obo/NCIT_C42790,Experiment,class,,,,,,,Laboratory,Sample,,,Result,,,,,,,,,,,,,,,,,,,,,,,,,,
http://www.w3.org/ns/sosa/Sensor,Sensor,class,,,Property,,,,,,,,,,,,,,,,,,,,,,,,,,,,,,,,,,
http://www.w3.org/ns/ssn/Property,Property,class,,,,,,,,,,,,,,,,,,,,Device,Device,,,,Measurement,,,,FeatureOfInterest,,,,,,,,
http://purl.obolibrary.org/obo/NCIT_C62103,Device,class,,,Sensor,,,,,,,,,,,,,,,,,,,Measurement,,,,,Property,,,,,,,,,,
https://saref.etsi.org/core/UnitOfMeasure,UnitOfMeasure,class,"The unit of measure is a standard for measurement of a quantity, such as a Property. For example, Power is a property and Watt is a unit of power that represents a definite predetermined power: when we say 10 Watt, we actually mean 10 times the definite predetermined power called ""watt"".",,,,,,,,,,,,,,,,,,,,,,,,,,,,,,,,,,,,
http://purl.obolibrary.org/obo/NCIT_C48871,Date ,class,,,,,,,,,,,,,,,,,,,,,,,,,,,,,,,,,,,,,
http://www.w3.org/ns/sosa/isResultOf,isResultOf,object property,Relation linking a Result to the Experiment that created or caused it.,,,hasResult,Result,Experiment,,,,,,,,,,,,,,,,,,,,,,,,,,,,,,,
http://www.w3.org/ns/sosa/hasResult,hasResult,object property,"Relation linking an Observation and a Sensor or Actuator and a Result, which contains a value representing the value associated with the observed Property.",,,isResultOf,Experiment,Result,,,,,,,,,,,,,,,,,,,,,,,,,,,,,,,
https://purl.archive.org/purl/fsmon/Ontology#ProcessInvolved,ProcessInvolved,object property,Relation linking a process to the entities that are involved in that process.,,,,Device,Process,,,,,,,,,,,,,,,,,,,,,,,,,,,,,,,
https://purl.archive.org/purl/fsmon/Ontology#conductsExperimentsIn,conductsExperimentsIn,object property,Relation linking an experiment to the location where it is conducted.,,,,Laboratory,Domain,,,,,,,,,,,,,,,,,,,,,,,,,,,,,,,
http://www.w3.org/ns/sosa/hasSample,hasSample,object property,Relation between a Dataset and the Sample used to represent it.,,,isSampleOf,Dataset,Sample,,,,,,,,,,,,,,,,,,,,,,,,,,,,,,,
http://www.w3.org/ns/sosa/isSampleOf,isSampleOf,object property,Relation from a Sample to the Dataset that it is intended to be representative of.,,,hasSample,Sample,Dataset,,,,,,,,,,,,,,,,,,,,,,,,,,,,,,,
https://purl.archive.org/purl/fsmon/Ontology#hasSampleType,hasSampleType,object property,Relation linking a sample to its type,,,,Sample,Sampletype,,,,,,,,,,,,,,,,,,,,,,,,,,,,,,,
https://purl.archive.org/purl/fsmon/Ontology#isCollectedFrom,isCollectedFrom,object property,Relation linking a sample to the entity or location from which it was collected,,,,Sample,Domain,,,,,,,,,,,,,,,,,,,,,,,,,,,,,,,
https://purl.archive.org/purl/fsmon/Ontology#isPerformedAt,isPerformedAt,object property,Relation linking an activity to the location where it is performed,,,,Experiment,Laboratory,,,,,,,,,,,,,,,,,,,,,,,,,,,,,,,
https://purl.archive.org/purl/fsmon/Ontology#isPerformedOn,isPerformedOn,object property,Relation linking an activity to the object or material on which it is performed,,,,Experiment,Sample,,,,,,,,,,,,,,,,,,,,,,,,,,,,,,,
https://saref.etsi.org/core/hasMeasurement,hasMeasurement,object property,A relationship between a feature of interest and a measurement about it,,,,FeatureOfInterest,Measurement,,,,,,,,,,,,,,,,,,,,,,,,,,,,,,,
https://saref.etsi.org/core/hasProperty,hasProperty,object property,A relationship between a feature of interest and a property of that feature,,,isPropertyOf,FeatureOfInterest,Property,,,,,,,,,,,,,,,,,,,,,,,,,,,,,,,
https://purl.archive.org/purl/fsmon/Ontology#hasSensorType,hasSensorType,object property,"A relationship identifying the type of a sensor in a device (i.e., Enose, HPLC, MSI, etc.)",,,,Device,Sensor,,,,,,,,,,,,,,,,,,,,,,,,,,,,,,,
https://saref.etsi.org/core/isPropertyOf,isPropertyOf,object property,A relationship between a property and the feature of interest it belongs to,,,hasProperty,Property,FeatureOfInterest,,,,,,,,,,,,,,,,,,,,,,,,,,,,,,,
https://saref.etsi.org/core/measuresProperty,measuresProperty,object property,A relationship specifying the property that can be measured by a certain device,,,isMeasuredByDevice,Device,Property,,,,,,,,,,,,,,,,,,,,,,,,,,,,,,,
https://saref.etsi.org/core/relatesToMeasurement,relatesToMeasurement,object property,A relationship between a property and the measurements it relates to,,,relatesToProperty,Property,Measurement,,,,,,,,,,,,,,,,,,,,,,,,,,,,,,,
https://saref.etsi.org/core/isControlledByDevice,isControlledByDevice,object property,A relationship specifying the devices that can control a certain property,,,,Property,Device,,,,,,,,,,,,,,,,,,,,,,,,,,,,,,,
https://saref.etsi.org/core/isMeasuredByDevice,isMeasuredByDevice,object property,A relationship specifying the devices that can measure a certain property,,,measuresProperty,Measurement,Device,,,,,,,,,,,,,,,,,,,,,,,,,,,,,,,
https://saref.etsi.org/core/isMeasuredIn,isMeasuredIn,object property,A relationship identifying the unit of measure used for a certain entity.,,,,Measurement,UnitOfMeasure,,,,,,,,,,,,,,,,,,,,,,,,,,,,,,,
https://saref.etsi.org/core/isMeasurementOf,isMeasurementOf,object property,A relationship between a measurement and the feature of interest whose quality was measured,,,,Measurement,FeatureOfInterest,,,,,,,,,,,,,,,,,,,,,,,,,,,,,,,
https://saref.etsi.org/core/makesMeasurement,makesMeasurement,object property,"A relation between a device and the measurements it makes. Such measurement will link together the value of the measurement, its unit of measure and the property to which it relates.",,,,Device,Measurement,,,,,,,,,,,,,,,,,,,,,,,,,,,,,,,
https://saref.etsi.org/core/relatesToProperty,relatesToProperty,object property,A relationship between a measurement and the property it relates to,,,isMeasuredByDevice,Measurement,Property,,,,,,,,,,,,,,,,,,,,,,,,,,,,,,,
https://purl.archive.org/purl/fsmon/Ontology#detectProperty,detectProperty,object property,A relationship represent properties detected by a sensor,,,,Sensor,Property,,,,,,,,,,,,,,,,,,,,,,,,,,,,,,,
http://semanticscience.org/resource/SIO_000061,is located in,object property,,,,,Dataset,Uniform Resource Identifier,,,,,,,,,,,,,,,,,,,,,,,,,,,,,,,
https://purl.archive.org/purl/fsmon/Ontology#base_name,base_name,data property,A data property that represents the fundamental or primary name of an entity,,,,,rdfs:Literal,,,,,,,,,,,,,,,,,,,,,,,,,,,,,,,
https://purl.archive.org/purl/fsmon/Ontology#base_sum,base_sum,data property,,,,,,,,,,,,,,,,,,,,,,,,,,,,,,,,,,,,,
https://purl.archive.org/purl/fsmon/Ontology#base_time,base_time,data property,,,,,,xsd:dateTime,,,,,,,,,,,,,,,,,,,,,,,,,,,,,,,
https://purl.archive.org/purl/fsmon/Ontology#base_value,base_value,data property,A data property that specifies a numerical or categorical value that serves as a reference point or standard for a given entity or property,,,,,xsd:float,,,,,,,,,,,,,,,,,,,,,,,,,,,,,,,
https://saref.etsi.org/core/hasValue,has_value,data property,"A relationship defining the value of a certain property, e.g., energy or power",,,,,xsd:float,,,,,,,,,,,,,,,,,,,,,,,,,,,,,,,
https://purl.archive.org/purl/fsmon/Ontology#has_version,has_version,data property,"A relationship defining the version of a certain entity, e.g: device, etc",,,,,rdfs:Literal,,,,,,,,,,,,,,,,,,,,,,,,,,,,,,,
https://purl.archive.org/purl/fsmon/Ontology#name,name,data property,The name of the item.,,,,,rdfs:Literal,,,,,,,,,,,,,,,,,,,,,,,,,,,,,,,
https://purl.archive.org/purl/fsmon/Ontology#sum,sum,data property,,,,,,,,,,,,,,,,,,,,,,,,,,,,,,,,,,,,,
https://purl.archive.org/purl/fsmon/Ontology#time,time,data property,A data property that represents the time when a sample was storaged,,,,Sample,xsd:dateTime,,,,,,,,,,,,,,,,,,,,,,,,,,,,,,,
https://purl.archive.org/purl/fsmon/Ontology#update_time,update_time,data property,A data property that represents the date and time when an entity was last updated or modified.,,,,,xsd:dateTime,,,,,,,,,,,,,,,,,,,,,,,,,,,,,,,
https://purl.archive.org/purl/fsmon/Ontology#hasAdditionalID,hasAdditionalID,data property,A data property that represents the additional sample identifier,,,,Sample,rdfs:Literal,,,,,,,,,,,,,,,,,,,,,,,,,,,,,,,
https://purl.archive.org/purl/fsmon/Ontology#hasBatchNumber,hasBatchNumber,data property,A data property that represent the batch number of a sample,,,,Sample,rdfs:Literal,,,,,,,,,,,,,,,,,,,,,,,,,,,,,,,
https://purl.archive.org/purl/fsmon/Ontology#hasTemperature,hasTemperature,data property,A data property that represents the storage temperature of a sample,,,,Sample,rdfs:Literal,,,,,,,,,,,,,,,,,,,,,,,,,,,,,,,
https://purl.archive.org/purl/fsmon/Ontology#hasSampleId,hasSampleId,data property,A data property that represents the ID of a sample,,,,Sample,rdfs:Literal,,,,,,,,,,,,,,,,,,,,,,,,,,,,,,,
https://purl.archive.org/purl/fsmon/Ontology#has_Email,has_Email,data property,,,,,,,,,,,,,,,,,,,,,,,,,,,,,,,,,,,,,
https://purl.archive.org/purl/fsmon/Ontology#has_format,has_format,data property,,,,,,,,,,,,,,,,,,,,,,,,,,,,,,,,,,,,,
https://purl.archive.org/purl/fsmon/Ontology#Sample_code_number,Sample_code_number,data property,,,,,,,,,,,,,,,,,,,,,,,,,,,,,,,,,,,,,
https://purl.archive.org/purl/fsmon/Ontology#has_date,has_date,data property,,,,,,,,,,,,,,,,,,,,,,,,,,,,,,,,,,,,,